{"Mean":{"confidence_interval":{"confidence_level":0.95,"lower_bound":70039.15246943504,"upper_bound":70212.06146106625},"point_estimate":70099.5453049137,"standard_error":52.79939609919287},"Median":{"confidence_interval":{"confidence_level":0.95,"lower_bound":70023.82444444444,"upper_bound":70034.20952380952},"point_estimate":70027.28415186345,"standard_error":2.421530001132568},"MedianAbsDev":{"confidence_interval":{"confidence_level":0.95,"lower_bound":9.735936427902068,"upper_bound":22.214181845144367},"point_estimate":14.316553743555449,"standard_error":3.1154090768291396},"Slope":{"confidence_interval":{"confidence_level":0.95,"lower_bound":70039.2253507126,"upper_bound":70139.43711941908},"point_estimate":70072.47141441308,"standard_error":28.348790129902863},"StdDev":{"confidence_interval":{"confidence_level":0.95,"lower_bound":34.28408183400057,"upper_bound":903.0480324860204},"point_estimate":528.3678319102352,"standard_error":307.0626494250535}}