{"Mean":{"confidence_interval":{"confidence_level":0.95,"lower_bound":310219.18433410965,"upper_bound":318751.1831272464},"point_estimate":313273.42269075935,"standard_error":2459.8116688696537},"Median":{"confidence_interval":{"confidence_level":0.95,"lower_bound":309759.5131578947,"upper_bound":309865.615},"point_estimate":309813.17206477735,"standard_error":25.082482740425455},"MedianAbsDev":{"confidence_interval":{"confidence_level":0.95,"lower_bound":155.56074323828196,"upper_bound":267.82228069296843},"point_estimate":214.47094318129317,"standard_error":29.208691667403986},"Slope":{"confidence_interval":{"confidence_level":0.95,"lower_bound":309791.3219816371,"upper_bound":310601.5869116927},"point_estimate":310106.8426784395,"standard_error":212.86700611796556},"StdDev":{"confidence_interval":{"confidence_level":0.95,"lower_bound":1727.1998882964622,"upper_bound":41876.97449897588},"point_estimate":24650.748169072263,"standard_error":13423.992703410227}}