{"Mean":{"confidence_interval":{"confidence_level":0.95,"lower_bound":70061.34469245354,"upper_bound":70150.85769916656},"point_estimate":70096.50465334533,"standard_error":23.71273045052975},"Median":{"confidence_interval":{"confidence_level":0.95,"lower_bound":70045.78974358975,"upper_bound":70059.34509803922},"point_estimate":70051.72854166667,"standard_error":3.1525083788436747},"MedianAbsDev":{"confidence_interval":{"confidence_level":0.95,"lower_bound":19.178585650814863,"upper_bound":33.32643230346315},"point_estimate":24.360409226605558,"standard_error":3.41903340428179},"Slope":{"confidence_interval":{"confidence_level":0.95,"lower_bound":70057.36748449584,"upper_bound":70259.9876293809},"point_estimate":70124.63904832274,"standard_error":59.357032929819376},"StdDev":{"confidence_interval":{"confidence_level":0.95,"lower_bound":39.37842292326601,"upper_bound":392.4598987071035},"point_estimate":238.2492610225742,"standard_error":103.85984853284133}}