{"Mean":{"confidence_interval":{"confidence_level":0.95,"lower_bound":121671.88676950357,"upper_bound":121905.589610365},"point_estimate":121756.23595144987,"standard_error":67.67927236428127},"Median":{"confidence_interval":{"confidence_level":0.95,"lower_bound":121638.82954545454,"upper_bound":121660.4649122807},"point_estimate":121644.8366571007,"standard_error":5.510166962794418},"MedianAbsDev":{"confidence_interval":{"confidence_level":0.95,"lower_bound":20.88710815241421,"upper_bound":46.059907530330435},"point_estimate":31.047820282129646,"standard_error":6.220514986462181},"Slope":{"confidence_interval":{"confidence_level":0.95,"lower_bound":121669.51004373803,"upper_bound":121867.66514560438},"point_estimate":121735.51359571778,"standard_error":56.455327972399246},"StdDev":{"confidence_interval":{"confidence_level":0.95,"lower_bound":82.00679911512448,"upper_bound":1150.1039780142587},"point_estimate":677.6194634940986,"standard_error":369.4841855680979}}