{"Mean":{"confidence_interval":{"confidence_level":0.95,"lower_bound":52223.12135187584,"upper_bound":52757.32526867374},"point_estimate":52459.09494897673,"standard_error":137.46026224135738},"Median":{"confidence_interval":{"confidence_level":0.95,"lower_bound":52049.04096635892,"upper_bound":52060.603659730725},"point_estimate":52054.73406204237,"standard_error":3.915930910783275},"MedianAbsDev":{"confidence_interval":{"confidence_level":0.95,"lower_bound":12.075386627726568,"upper_bound":28.962281507962576},"point_estimate":19.430254886487653,"standard_error":5.205575929853037},"Slope":{"confidence_interval":{"confidence_level":0.95,"lower_bound":52255.81844815133,"upper_bound":52937.89415519105},"point_estimate":52548.5234161138,"standard_error":175.64980546318645},"StdDev":{"confidence_interval":{"confidence_level":0.95,"lower_bound":540.3559175774446,"upper_bound":1983.87097845745},"point_estimate":1376.8935576365761,"standard_error":361.64611120215136}}