{"Mean":{"confidence_interval":{"confidence_level":0.95,"lower_bound":41539.183068003826,"upper_bound":41597.772047277365},"point_estimate":41561.78177148923,"standard_error":15.592728733960017},"Median":{"confidence_interval":{"confidence_level":0.95,"lower_bound":41527.26366120219,"upper_bound":41535.37797619047},"point_estimate":41529.080555555556,"standard_error":2.3235419894510496},"MedianAbsDev":{"confidence_interval":{"confidence_level":0.95,"lower_bound":6.927774838866506,"upper_bound":17.757990142655494},"point_estimate":10.119400009736987,"standard_error":2.8751191634454667},"Slope":{"confidence_interval":{"confidence_level":0.95,"lower_bound":41536.39296307897,"upper_bound":41655.93964339179},"point_estimate":41575.83022264913,"standard_error":35.011336138066255},"StdDev":{"confidence_interval":{"confidence_level":0.95,"lower_bound":25.565089432691508,"upper_bound":259.51879837543345},"point_estimate":156.62215430238794,"standard_error":70.91396444792194}}