{"Mean":{"confidence_interval":{"confidence_level":0.95,"lower_bound":161666.80850267812,"upper_bound":161855.81858822785},"point_estimate":161737.27257174044,"standard_error":52.02537561614949},"Median":{"confidence_interval":{"confidence_level":0.95,"lower_bound":161621.7857142857,"upper_bound":161645.0262212644},"point_estimate":161629.35877403844,"standard_error":5.6411312845667085},"MedianAbsDev":{"confidence_interval":{"confidence_level":0.95,"lower_bound":22.35258987630031,"upper_bound":55.310250800948424},"point_estimate":35.121007615475826,"standard_error":7.774477061498997},"Slope":{"confidence_interval":{"confidence_level":0.95,"lower_bound":161661.70462937708,"upper_bound":162097.69760417595},"point_estimate":161808.247864215,"standard_error":126.26192212502312},"StdDev":{"confidence_interval":{"confidence_level":0.95,"lower_bound":104.41886288722901,"upper_bound":875.529290611142},"point_estimate":521.928835311059,"standard_error":260.9584133941855}}