{"Mean":{"confidence_interval":{"confidence_level":0.95,"lower_bound":7397.192473013956,"upper_bound":7412.220513472845},"point_estimate":7402.733643874801,"standard_error":4.261932500387925},"Median":{"confidence_interval":{"confidence_level":0.95,"lower_bound":7395.933439943141,"upper_bound":7400.837459742351},"point_estimate":7398.141794496527,"standard_error":1.111724799066725},"MedianAbsDev":{"confidence_interval":{"confidence_level":0.95,"lower_bound":7.0927917739532,"upper_bound":11.303703589725613},"point_estimate":9.172199197207146,"standard_error":1.1012452858590525},"Slope":{"confidence_interval":{"confidence_level":0.95,"lower_bound":7398.191684125064,"upper_bound":7414.196176210707},"point_estimate":7404.000314233473,"standard_error":4.339605659579205},"StdDev":{"confidence_interval":{"confidence_level":0.95,"lower_bound":8.209082897357174,"upper_bound":72.58360074137398},"point_estimate":42.866224776811535,"standard_error":22.604240151329247}}