{"Mean":{"confidence_interval":{"confidence_level":0.95,"lower_bound":46855.41490048112,"upper_bound":46909.38902918428},"point_estimate":46875.01697620606,"standard_error":15.503942373812697},"Median":{"confidence_interval":{"confidence_level":0.95,"lower_bound":46846.06379585327,"upper_bound":46852.733815427},"point_estimate":46848.18411386594,"standard_error":1.7331778944330842},"MedianAbsDev":{"confidence_interval":{"confidence_level":0.95,"lower_bound":6.675215928920472,"upper_bound":14.380338179743884},"point_estimate":9.748838752543147,"standard_error":1.918247564230945},"Slope":{"confidence_interval":{"confidence_level":0.95,"lower_bound":46854.565798266245,"upper_bound":46988.085757823435},"point_estimate":46898.27249566748,"standard_error":39.22737844122589},"StdDev":{"confidence_interval":{"confidence_level":0.95,"lower_bound":23.07214672619808,"upper_bound":264.3818851059183},"point_estimate":155.98631037402848,"standard_error":83.78773811049453}}