{"Mean":{"confidence_interval":{"confidence_level":0.95,"lower_bound":57224.74811350218,"upper_bound":57457.17137425423},"point_estimate":57316.98953969317,"standard_error":61.70957772701378},"Median":{"confidence_interval":{"confidence_level":0.95,"lower_bound":57197.12014374514,"upper_bound":57212.52508960573},"point_estimate":57201.35853363968,"standard_error":4.0549073223096785},"MedianAbsDev":{"confidence_interval":{"confidence_level":0.95,"lower_bound":14.34594192194537,"upper_bound":31.489497290405133},"point_estimate":19.949350755814407,"standard_error":4.226576722809351},"Slope":{"confidence_interval":{"confidence_level":0.95,"lower_bound":57220.01651237835,"upper_bound":57582.71951982353},"point_estimate":57361.4640352692,"standard_error":95.99357687286901},"StdDev":{"confidence_interval":{"confidence_level":0.95,"lower_bound":82.5962594680506,"upper_bound":1015.2572955327753},"point_estimate":620.9892109072467,"standard_error":266.8680936015051}}