{"Mean":{"confidence_interval":{"confidence_level":0.95,"lower_bound":142273.39340580322,"upper_bound":142956.48355930843},"point_estimate":142530.74293797067,"standard_error":183.7053375233808},"Median":{"confidence_interval":{"confidence_level":0.95,"lower_bound":142188.80298136646,"upper_bound":142251.74107142858},"point_estimate":142216.404053288,"standard_error":18.95812829898086},"MedianAbsDev":{"confidence_interval":{"confidence_level":0.95,"lower_bound":50.081879099560226,"upper_bound":125.79879355608031},"point_estimate":81.5875802298333,"standard_error":20.850465433985214},"Slope":{"confidence_interval":{"confidence_level":0.95,"lower_bound":142230.66525103082,"upper_bound":142389.79158632734},"point_estimate":142290.32207224134,"standard_error":42.13717077255448},"StdDev":{"confidence_interval":{"confidence_level":0.95,"lower_bound":188.65679335539832,"upper_bound":3064.7118027749975},"point_estimate":1841.8463400971143,"standard_error":869.9987765068645}}