{"Mean":{"confidence_interval":{"confidence_level":0.95,"lower_bound":97983.20115784659,"upper_bound":98424.71232176943},"point_estimate":98162.69721849583,"standard_error":115.63712041092792},"Median":{"confidence_interval":{"confidence_level":0.95,"lower_bound":97938.8711114467,"upper_bound":97962.16083916085},"point_estimate":97946.84020979021,"standard_error":6.280954062711323},"MedianAbsDev":{"confidence_interval":{"confidence_level":0.95,"lower_bound":15.93390370383125,"upper_bound":43.65160711960706},"point_estimate":26.06961729942538,"standard_error":6.910245045261335},"Slope":{"confidence_interval":{"confidence_level":0.95,"lower_bound":97965.98510804499,"upper_bound":98128.14255004363},"point_estimate":98024.53553394145,"standard_error":43.754390085182756},"StdDev":{"confidence_interval":{"confidence_level":0.95,"lower_bound":139.95804977753963,"upper_bound":1868.5787911340647},"point_estimate":1164.2223499998422,"standard_error":463.6356403968947}}