{"Mean":{"confidence_interval":{"confidence_level":0.95,"lower_bound":112270.82601183795,"upper_bound":112413.03172454814},"point_estimate":112323.1066609552,"standard_error":40.16668046312093},"Median":{"confidence_interval":{"confidence_level":0.95,"lower_bound":112240.86200716846,"upper_bound":112261.02302104593},"point_estimate":112245.82668845315,"standard_error":4.8996634827333585},"MedianAbsDev":{"confidence_interval":{"confidence_level":0.95,"lower_bound":11.37539010145695,"upper_bound":36.89622112493705},"point_estimate":21.1635703962449,"standard_error":6.096643660144083},"Slope":{"confidence_interval":{"confidence_level":0.95,"lower_bound":112269.95686723592,"upper_bound":112584.14722206745},"point_estimate":112374.05168973614,"standard_error":91.31546366220017},"StdDev":{"confidence_interval":{"confidence_level":0.95,"lower_bound":64.56403694149563,"upper_bound":683.616417792805},"point_estimate":404.69259810549534,"standard_error":211.97768111076954}}