{"Mean":{"confidence_interval":{"confidence_level":0.95,"lower_bound":387737.6663813305,"upper_bound":388223.7706884736},"point_estimate":387919.4888179009,"standard_error":134.54855227353363},"Median":{"confidence_interval":{"confidence_level":0.95,"lower_bound":387632.17477760336,"upper_bound":387714.50799663295},"point_estimate":387667.14355600544,"standard_error":21.493144043505666},"MedianAbsDev":{"confidence_interval":{"confidence_level":0.95,"lower_bound":87.16122404478449,"upper_bound":189.98674060252753},"point_estimate":130.5132592739215,"standard_error":25.72695487096339},"Slope":{"confidence_interval":{"confidence_level":0.95,"lower_bound":387721.55350251566,"upper_bound":388575.22418125195},"point_estimate":388002.59435692825,"standard_error":247.6524490177041},"StdDev":{"confidence_interval":{"confidence_level":0.95,"lower_bound":256.528601371903,"upper_bound":2274.6589040928507},"point_estimate":1355.0850243802438,"standard_error":681.938770376329}}