{"Mean":{"confidence_interval":{"confidence_level":0.95,"lower_bound":270434.015361601,"upper_bound":271339.8201853373},"point_estimate":270749.03525337327,"standard_error":278.1183666461742},"Median":{"confidence_interval":{"confidence_level":0.95,"lower_bound":270360.45901639346,"upper_bound":270414.4051724138},"point_estimate":270387.4944444444,"standard_error":14.053414189966091},"MedianAbsDev":{"confidence_interval":{"confidence_level":0.95,"lower_bound":72.28140893606418,"upper_bound":141.61609611644099},"point_estimate":108.96312709778329,"standard_error":18.319722466278407},"Slope":{"confidence_interval":{"confidence_level":0.95,"lower_bound":270409.3567715429,"upper_bound":270688.758342685},"point_estimate":270509.22072558,"standard_error":75.06466331582646},"StdDev":{"confidence_interval":{"confidence_level":0.95,"lower_bound":185.10201508756327,"upper_bound":4796.753100495689},"point_estimate":2803.384615374018,"standard_error":1644.3505935514702}}