{"Mean":{"confidence_interval":{"confidence_level":0.95,"lower_bound":186434.80980225964,"upper_bound":187566.30485257856},"point_estimate":186880.7826249788,"standard_error":302.9964447286872},"Median":{"confidence_interval":{"confidence_level":0.95,"lower_bound":186342.49082286278,"upper_bound":186409.20049751244},"point_estimate":186357.2625,"standard_error":18.760567196535796},"MedianAbsDev":{"confidence_interval":{"confidence_level":0.95,"lower_bound":92.62191156492685,"upper_bound":183.03614475044253},"point_estimate":112.03409768688242,"standard_error":24.60334815984914},"Slope":{"confidence_interval":{"confidence_level":0.95,"lower_bound":186375.0476024988,"upper_bound":186988.26654549802},"point_estimate":186590.5589785725,"standard_error":167.3890266767709},"StdDev":{"confidence_interval":{"confidence_level":0.95,"lower_bound":223.75191320458072,"upper_bound":4915.306934452767},"point_estimate":3034.444035081575,"standard_error":1299.895928842322}}