{"Mean":{"confidence_interval":{"confidence_level":0.95,"lower_bound":18736.51834100722,"upper_bound":18778.17273287529},"point_estimate":18751.294724769705,"standard_error":12.489754674350717},"Median":{"confidence_interval":{"confidence_level":0.95,"lower_bound":18732.46947835738,"upper_bound":18738.120545073376},"point_estimate":18735.455866220997,"standard_error":1.078989676910711},"MedianAbsDev":{"confidence_interval":{"confidence_level":0.95,"lower_bound":9.425616214146414,"upper_bound":16.291664135860458},"point_estimate":12.860673785399644,"standard_error":1.766346590377125},"Slope":{"confidence_interval":{"confidence_level":0.95,"lower_bound":18733.289938743805,"upper_bound":18767.396367517802},"point_estimate":18744.879290173456,"standard_error":9.5032124488952},"StdDev":{"confidence_interval":{"confidence_level":0.95,"lower_bound":13.348801120769435,"upper_bound":213.73902564684775},"point_estimate":125.22725375934044,"standard_error":71.24754997645256}}