{"Mean":{"confidence_interval":{"confidence_level":0.95,"lower_bound":18728.286770528102,"upper_bound":18761.703588264805},"point_estimate":18741.958457866946,"standard_error":8.73606641762813},"Median":{"confidence_interval":{"confidence_level":0.95,"lower_bound":18725.21763759185,"upper_bound":18731.314796425024},"point_estimate":18728.27419479139,"standard_error":1.6735567737332824},"MedianAbsDev":{"confidence_interval":{"confidence_level":0.95,"lower_bound":9.336110864367965,"upper_bound":16.17861427334155},"point_estimate":13.104762483180307,"standard_error":1.6922202857229782},"Slope":{"confidence_interval":{"confidence_level":0.95,"lower_bound":18728.933779488343,"upper_bound":18783.19865713911},"point_estimate":18748.3444872592,"standard_error":14.963723183229762},"StdDev":{"confidence_interval":{"confidence_level":0.95,"lower_bound":15.74879158102709,"upper_bound":141.190181486485},"point_estimate":88.0487542618215,"standard_error":34.153766541852676}}