{"Mean":{"confidence_interval":{"confidence_level":0.95,"lower_bound":161659.08290534792,"upper_bound":161881.14939937938},"point_estimate":161742.4908734149,"standard_error":60.426573006507645},"Median":{"confidence_interval":{"confidence_level":0.95,"lower_bound":161619.61796536797,"upper_bound":161652.35069686413},"point_estimate":161628.84353741497,"standard_error":8.498770129636297},"MedianAbsDev":{"confidence_interval":{"confidence_level":0.95,"lower_bound":19.28984774680905,"upper_bound":58.88722275813275},"point_estimate":37.987337897024354,"standard_error":9.64811388935061},"Slope":{"confidence_interval":{"confidence_level":0.95,"lower_bound":161654.00917887516,"upper_bound":162018.2081460207},"point_estimate":161773.98858367288,"standard_error":106.0592348734149},"StdDev":{"confidence_interval":{"confidence_level":0.95,"lower_bound":99.18283367687899,"upper_bound":1009.6034791080325},"point_estimate":603.9536049145698,"standard_error":293.4193358501502}}