{"Mean":{"confidence_interval":{"confidence_level":0.95,"lower_bound":2686.5893637656545,"upper_bound":2689.3068944129263},"point_estimate":2687.9237316814206,"standard_error":0.6926868164144663},"Median":{"confidence_interval":{"confidence_level":0.95,"lower_bound":2685.7562064889007,"upper_bound":2688.636947267234},"point_estimate":2687.2735331531244,"standard_error":0.8459118758720267},"MedianAbsDev":{"confidence_interval":{"confidence_level":0.95,"lower_bound":4.594865477337117,"upper_bound":8.114519386485336},"point_estimate":6.210304412400057,"standard_error":0.8927507131215067},"Slope":{"confidence_interval":{"confidence_level":0.95,"lower_bound":2684.3757016292784,"upper_bound":2687.163109303114},"point_estimate":2685.719396850809,"standard_error":0.7092997770367793},"StdDev":{"confidence_interval":{"confidence_level":0.95,"lower_bound":5.779518490414288,"upper_bound":8.141811395423273},"point_estimate":7.008201632881497,"standard_error":0.6046613155538956}}