{"Mean":{"confidence_interval":{"confidence_level":0.95,"lower_bound":310343.4101910221,"upper_bound":311516.4870676418},"point_estimate":310776.930749651,"standard_error":324.17889043401846},"Median":{"confidence_interval":{"confidence_level":0.95,"lower_bound":310243.20041291293,"upper_bound":310291.3074568874},"point_estimate":310274.478367529,"standard_error":12.442781625689705},"MedianAbsDev":{"confidence_interval":{"confidence_level":0.95,"lower_bound":83.08279212547438,"upper_bound":156.4826989946128},"point_estimate":116.60064242526865,"standard_error":19.366077557014815},"Slope":{"confidence_interval":{"confidence_level":0.95,"lower_bound":310296.30052190315,"upper_bound":311093.3143404488},"point_estimate":310587.3542544702,"standard_error":218.25179976028315},"StdDev":{"confidence_interval":{"confidence_level":0.95,"lower_bound":320.03607311746305,"upper_bound":5469.751082786253},"point_estimate":3250.3951895607206,"standard_error":1643.822064882061}}