{"Mean":{"confidence_interval":{"confidence_level":0.95,"lower_bound":98128.32432627286,"upper_bound":98412.26042501503},"point_estimate":98227.20194962474,"standard_error":87.42492315620918},"Median":{"confidence_interval":{"confidence_level":0.95,"lower_bound":98107.82181818182,"upper_bound":98116.93285747901},"point_estimate":98112.44852237546,"standard_error":2.606630702726506},"MedianAbsDev":{"confidence_interval":{"confidence_level":0.95,"lower_bound":15.093448906871856,"upper_bound":28.506567253696808},"point_estimate":21.814319725726627,"standard_error":3.4164506956034604},"Slope":{"confidence_interval":{"confidence_level":0.95,"lower_bound":98121.94959722736,"upper_bound":98324.17188815003},"point_estimate":98187.88112739632,"standard_error":58.28335585448353},"StdDev":{"confidence_interval":{"confidence_level":0.95,"lower_bound":49.150841421603026,"upper_bound":1500.3395335236826},"point_estimate":877.1645655052348,"standard_error":514.4797886910823}}