{"Mean":{"confidence_interval":{"confidence_level":0.95,"lower_bound":427028.33251759043,"upper_bound":427606.48709976266},"point_estimate":427239.22971812665,"standard_error":165.6460640160229},"Median":{"confidence_interval":{"confidence_level":0.95,"lower_bound":426946.47222222225,"upper_bound":427016.8289473684},"point_estimate":426977.10346995224,"standard_error":20.502680592865712},"MedianAbsDev":{"confidence_interval":{"confidence_level":0.95,"lower_bound":96.59138828519458,"upper_bound":164.2221988239001},"point_estimate":128.75205215423009,"standard_error":16.760671438202152},"Slope":{"confidence_interval":{"confidence_level":0.95,"lower_bound":427007.8770706291,"upper_bound":427731.4936780655},"point_estimate":427248.12889709865,"standard_error":207.31768246934232},"StdDev":{"confidence_interval":{"confidence_level":0.95,"lower_bound":227.79261815358473,"upper_bound":2819.0046179629967},"point_estimate":1664.6950729869698,"standard_error":888.2660075515518}}