{"Mean":{"confidence_interval":{"confidence_level":0.95,"lower_bound":15652.413426056411,"upper_bound":15676.234057169293},"point_estimate":15661.137766293501,"standard_error":6.832261502446073},"Median":{"confidence_interval":{"confidence_level":0.95,"lower_bound":15651.668198529413,"upper_bound":15656.47545189951},"point_estimate":15654.19864074589,"standard_error":1.2545110635812668},"MedianAbsDev":{"confidence_interval":{"confidence_level":0.95,"lower_bound":6.895752873868758,"upper_bound":12.601759665654209},"point_estimate":8.898923299459662,"standard_error":1.4221775976685331},"Slope":{"confidence_interval":{"confidence_level":0.95,"lower_bound":15652.241235227968,"upper_bound":15691.036190953093},"point_estimate":15665.675345472513,"standard_error":10.975348884957056},"StdDev":{"confidence_interval":{"confidence_level":0.95,"lower_bound":11.04647721774068,"upper_bound":116.54176812509128},"point_estimate":68.73314349989465,"standard_error":36.7867432793752}}