{"Mean":{"confidence_interval":{"confidence_level":0.95,"lower_bound":121859.06955142795,"upper_bound":122165.30097460278},"point_estimate":121967.16982211596,"standard_error":92.59746885946933},"Median":{"confidence_interval":{"confidence_level":0.95,"lower_bound":121827.70147255689,"upper_bound":121845.66666666667},"point_estimate":121837.37731481482,"standard_error":4.875572139222389},"MedianAbsDev":{"confidence_interval":{"confidence_level":0.95,"lower_bound":18.91327467679917,"upper_bound":41.879605478718204},"point_estimate":29.588302585810347,"standard_error":5.633203313757605},"Slope":{"confidence_interval":{"confidence_level":0.95,"lower_bound":121852.6785899281,"upper_bound":122006.54141376168},"point_estimate":121907.7028103706,"standard_error":41.91659326718319},"StdDev":{"confidence_interval":{"confidence_level":0.95,"lower_bound":73.39611981871938,"upper_bound":1592.862587053489},"point_estimate":932.6395946337972,"standard_error":536.3013298694916}}