{"Mean":{"confidence_interval":{"confidence_level":0.95,"lower_bound":62446.755669637925,"upper_bound":62655.302061582406},"point_estimate":62520.48946924667,"standard_error":62.41875711876155},"Median":{"confidence_interval":{"confidence_level":0.95,"lower_bound":62431.19414970931,"upper_bound":62440.138020833336},"point_estimate":62434.31357519423,"standard_error":2.4164656809895146},"MedianAbsDev":{"confidence_interval":{"confidence_level":0.95,"lower_bound":8.073571163483315,"upper_bound":18.531109021822132},"point_estimate":12.432262958945838,"standard_error":2.7036491223351553},"Slope":{"confidence_interval":{"confidence_level":0.95,"lower_bound":62441.613373063476,"upper_bound":62512.94717767935},"point_estimate":62465.642587372546,"standard_error":19.84539015444578},"StdDev":{"confidence_interval":{"confidence_level":0.95,"lower_bound":40.80273647089088,"upper_bound":1072.8891439790257},"point_estimate":628.8479812801561,"standard_error":357.6529357405631}}