{"Mean":{"confidence_interval":{"confidence_level":0.95,"lower_bound":186787.00724155895,"upper_bound":187084.58641188356},"point_estimate":186907.40051990282,"standard_error":77.69095379527324},"Median":{"confidence_interval":{"confidence_level":0.95,"lower_bound":186720.4536567322,"upper_bound":186762.61301932367},"point_estimate":186732.21555555557,"standard_error":11.343754865494645},"MedianAbsDev":{"confidence_interval":{"confidence_level":0.95,"lower_bound":92.29267202816415,"upper_bound":149.14866021627574},"point_estimate":122.45960785743597,"standard_error":13.3285371548747},"Slope":{"confidence_interval":{"confidence_level":0.95,"lower_bound":186736.9180970692,"upper_bound":187228.96405353764},"point_estimate":186925.31257080933,"standard_error":131.46671919871645},"StdDev":{"confidence_interval":{"confidence_level":0.95,"lower_bound":203.6664453692485,"upper_bound":1257.7548975095167},"point_estimate":778.6505058679561,"standard_error":307.49601238802944}}