{"Mean":{"confidence_interval":{"confidence_level":0.95,"lower_bound":465294.7596592159,"upper_bound":466439.5243514311},"point_estimate":465746.9836747233,"standard_error":304.9327558536557},"Median":{"confidence_interval":{"confidence_level":0.95,"lower_bound":465190.20238095237,"upper_bound":465277.90070921986},"point_estimate":465231.1382120012,"standard_error":22.587190168253258},"MedianAbsDev":{"confidence_interval":{"confidence_level":0.95,"lower_bound":121.54313529855592,"upper_bound":230.69542130584563},"point_estimate":166.40174201181043,"standard_error":28.25140874312028},"Slope":{"confidence_interval":{"confidence_level":0.95,"lower_bound":465255.3139562453,"upper_bound":465992.57842368796},"point_estimate":465498.9490094084,"standard_error":211.81257193528748},"StdDev":{"confidence_interval":{"confidence_level":0.95,"lower_bound":287.147979267476,"upper_bound":4954.129362110359},"point_estimate":3058.645641535914,"standard_error":1300.299793007724}}