{"Mean":{"confidence_interval":{"confidence_level":0.95,"lower_bound":466312.02103533695,"upper_bound":467264.0653825042},"point_estimate":466711.04096022324,"standard_error":247.64806245721218},"Median":{"confidence_interval":{"confidence_level":0.95,"lower_bound":466162.4620772947,"upper_bound":466240.21572327043},"point_estimate":466198.67836871976,"standard_error":20.298398271451852},"MedianAbsDev":{"confidence_interval":{"confidence_level":0.95,"lower_bound":113.30156307977359,"upper_bound":209.2916091651564},"point_estimate":159.69777217147202,"standard_error":25.478131698141247},"Slope":{"confidence_interval":{"confidence_level":0.95,"lower_bound":466262.86272555887,"upper_bound":467884.62922211597},"point_estimate":466914.4774365795,"standard_error":435.98586393836115},"StdDev":{"confidence_interval":{"confidence_level":0.95,"lower_bound":457.83174107453675,"upper_bound":3936.971906001463},"point_estimate":2487.2576413124893,"standard_error":898.7425344224221}}