{"Mean":{"confidence_interval":{"confidence_level":0.95,"lower_bound":142545.49889812226,"upper_bound":142959.23160774526},"point_estimate":142716.61112715126,"standard_error":109.54203372920053},"Median":{"confidence_interval":{"confidence_level":0.95,"lower_bound":142480.45408163266,"upper_bound":142520.57763975154},"point_estimate":142503.8867346939,"standard_error":11.100388423149777},"MedianAbsDev":{"confidence_interval":{"confidence_level":0.95,"lower_bound":44.650033417925215,"upper_bound":93.95763559897178},"point_estimate":71.33871045197623,"standard_error":13.80766242604695},"Slope":{"confidence_interval":{"confidence_level":0.95,"lower_bound":142526.07530502052,"upper_bound":143196.57212631748},"point_estimate":142781.84484367413,"standard_error":181.30379042886352},"StdDev":{"confidence_interval":{"confidence_level":0.95,"lower_bound":143.48542724704046,"upper_bound":1732.4671819706148},"point_estimate":1109.7936909819925,"standard_error":430.31319727356254}}