{"Mean":{"confidence_interval":{"confidence_level":0.95,"lower_bound":349491.0567560411,"upper_bound":350249.48693291744},"point_estimate":349766.1219749026,"standard_error":218.30060094822286},"Median":{"confidence_interval":{"confidence_level":0.95,"lower_bound":349397.08757525997,"upper_bound":349456.4416110099},"point_estimate":349411.0295051354,"standard_error":17.764119463004203},"MedianAbsDev":{"confidence_interval":{"confidence_level":0.95,"lower_bound":85.61195861268887,"upper_bound":164.56859707832336},"point_estimate":116.10031362512538,"standard_error":19.25352829649792},"Slope":{"confidence_interval":{"confidence_level":0.95,"lower_bound":349437.06941300107,"upper_bound":349993.31641455647},"point_estimate":349621.3625535688,"standard_error":157.94219990905592},"StdDev":{"confidence_interval":{"confidence_level":0.95,"lower_bound":290.001550460904,"upper_bound":3716.3065596137412},"point_estimate":2191.872059084932,"standard_error":1182.3603536067599}}