{"Mean":{"confidence_interval":{"confidence_level":0.95,"lower_bound":15872.687474657336,"upper_bound":15893.281887859253},"point_estimate":15880.194610500028,"standard_error":5.962376568932765},"Median":{"confidence_interval":{"confidence_level":0.95,"lower_bound":15870.381766381766,"upper_bound":15872.951979103878},"point_estimate":15871.351465201466,"standard_error":0.6458633471977031},"MedianAbsDev":{"confidence_interval":{"confidence_level":0.95,"lower_bound":4.014786595390864,"upper_bound":9.095581409486458},"point_estimate":7.472088640019744,"standard_error":1.381206338807893},"Slope":{"confidence_interval":{"confidence_level":0.95,"lower_bound":15873.819229207595,"upper_bound":15917.385122458643},"point_estimate":15888.00305408366,"standard_error":12.723348922668702},"StdDev":{"confidence_interval":{"confidence_level":0.95,"lower_bound":8.833086186049321,"upper_bound":101.70178177929058},"point_estimate":59.906502039068805,"standard_error":32.47041192874705}}