{"Mean":{"confidence_interval":{"confidence_level":0.95,"lower_bound":228703.022607205,"upper_bound":229297.98557350537},"point_estimate":228963.08506835907,"standard_error":150.99741346538357},"Median":{"confidence_interval":{"confidence_level":0.95,"lower_bound":228606.36125,"upper_bound":228653.46096142664},"point_estimate":228628.3038197198,"standard_error":12.31528902273601},"MedianAbsDev":{"confidence_interval":{"confidence_level":0.95,"lower_bound":63.75877277048562,"upper_bound":127.62127352238109},"point_estimate":93.02351144849789,"standard_error":16.28688621060692},"Slope":{"confidence_interval":{"confidence_level":0.95,"lower_bound":228656.13704591195,"upper_bound":229155.70919509133},"point_estimate":228847.922765184,"standard_error":132.9879607319907},"StdDev":{"confidence_interval":{"confidence_level":0.95,"lower_bound":205.82525100338734,"upper_bound":2243.194129356271},"point_estimate":1514.2443143812566,"standard_error":471.78255436141467}}