{"Mean":{"confidence_interval":{"confidence_level":0.95,"lower_bound":7388.084236078709,"upper_bound":7425.922529241228},"point_estimate":7403.6450592142655,"standard_error":10.079820496108189},"Median":{"confidence_interval":{"confidence_level":0.95,"lower_bound":7384.907910927386,"upper_bound":7390.568363202467},"point_estimate":7387.3436971839365,"standard_error":1.5091057975192268},"MedianAbsDev":{"confidence_interval":{"confidence_level":0.95,"lower_bound":10.56569813331675,"upper_bound":16.638740511329612},"point_estimate":13.37258602305837,"standard_error":1.5570775191718804},"Slope":{"confidence_interval":{"confidence_level":0.95,"lower_bound":7392.954026009607,"upper_bound":7433.120373179231},"point_estimate":7407.322354093284,"standard_error":10.955278474781345},"StdDev":{"confidence_interval":{"confidence_level":0.95,"lower_bound":12.726646550225507,"upper_bound":157.68183469316398},"point_estimate":101.077626976111,"standard_error":39.42228413246285}}