{"Mean":{"confidence_interval":{"confidence_level":0.95,"lower_bound":24977.557637038866,"upper_bound":25285.365657119615},"point_estimate":25101.415307496925,"standard_error":81.10898297172605},"Median":{"confidence_interval":{"confidence_level":0.95,"lower_bound":24935.272727272728,"upper_bound":24939.94140625},"point_estimate":24936.53867857143,"standard_error":1.0697784751376664},"MedianAbsDev":{"confidence_interval":{"confidence_level":0.95,"lower_bound":4.919103227699272,"upper_bound":25.686709165959577},"point_estimate":10.638143127800058,"standard_error":6.501706046216042},"Slope":{"confidence_interval":{"confidence_level":0.95,"lower_bound":24983.741285944638,"upper_bound":25468.55914159509},"point_estimate":25177.57343808187,"standard_error":127.2310291302514},"StdDev":{"confidence_interval":{"confidence_level":0.95,"lower_bound":139.58251668623066,"upper_bound":1321.8042944903573},"point_estimate":813.5460573909335,"standard_error":334.458070357145}}