{"Mean":{"confidence_interval":{"confidence_level":0.95,"lower_bound":1218765.8032264826,"upper_bound":1227668.7045138434},"point_estimate":1222789.3140721165,"standard_error":2279.0142648235887},"Median":{"confidence_interval":{"confidence_level":0.95,"lower_bound":1215233.894117647,"upper_bound":1215552.4179104478},"point_estimate":1215352.3436619719,"standard_error":82.50509234208948},"MedianAbsDev":{"confidence_interval":{"confidence_level":0.95,"lower_bound":260.943297675028,"upper_bound":729.1592729028456},"point_estimate":432.52919737863283,"standard_error":122.24406573504585},"Slope":{"confidence_interval":{"confidence_level":0.95,"lower_bound":1220833.3880356613,"upper_bound":1236461.0786105818},"point_estimate":1227914.8515856361,"standard_error":4006.3374000850445},"StdDev":{"confidence_interval":{"confidence_level":0.95,"lower_bound":11817.058158651558,"upper_bound":31501.323215238062},"point_estimate":22888.451359658735,"standard_error":5042.610756111193}}