{"Mean":{"confidence_interval":{"confidence_level":0.95,"lower_bound":41580.42160697659,"upper_bound":41783.73133033322},"point_estimate":41654.40566931546,"standard_error":57.29976323506606},"Median":{"confidence_interval":{"confidence_level":0.95,"lower_bound":41571.00689572704,"upper_bound":41574.76388888889},"point_estimate":41572.032799145294,"standard_error":1.1334945812274664},"MedianAbsDev":{"confidence_interval":{"confidence_level":0.95,"lower_bound":5.891694117467899,"upper_bound":14.424323529910215},"point_estimate":10.144411641856102,"standard_error":2.1215447045212192},"Slope":{"confidence_interval":{"confidence_level":0.95,"lower_bound":41582.5277270794,"upper_bound":41799.7478576202},"point_estimate":41666.202285232255,"standard_error":58.43454997613452},"StdDev":{"confidence_interval":{"confidence_level":0.95,"lower_bound":27.807465904727497,"upper_bound":971.854298514774},"point_estimate":575.6724293957379,"standard_error":300.0890580630632}}