{"Mean":{"confidence_interval":{"confidence_level":0.95,"lower_bound":147567.2650354715,"upper_bound":148109.74781541387},"point_estimate":147759.3617174906,"standard_error":163.24743372548883},"Median":{"confidence_interval":{"confidence_level":0.95,"lower_bound":147527.82909836067,"upper_bound":147548.0329991646},"point_estimate":147536.60281966097,"standard_error":5.145775395007827},"MedianAbsDev":{"confidence_interval":{"confidence_level":0.95,"lower_bound":29.128945569797583,"upper_bound":54.149442610083675},"point_estimate":39.89875997714832,"standard_error":6.55187396751335},"Slope":{"confidence_interval":{"confidence_level":0.95,"lower_bound":147557.49839049097,"upper_bound":147705.22937284023},"point_estimate":147609.0640182398,"standard_error":40.25611360647227},"StdDev":{"confidence_interval":{"confidence_level":0.95,"lower_bound":120.98124404085723,"upper_bound":2799.4477631335767},"point_estimate":1640.6561577455561,"standard_error":937.5329375427657}}