{"Mean":{"confidence_interval":{"confidence_level":0.95,"lower_bound":62483.80843200474,"upper_bound":62566.70981259294},"point_estimate":62515.34718423066,"standard_error":22.306785454587065},"Median":{"confidence_interval":{"confidence_level":0.95,"lower_bound":62466.634765625,"upper_bound":62480.5625},"point_estimate":62468.231083608625,"standard_error":3.606152498220178},"MedianAbsDev":{"confidence_interval":{"confidence_level":0.95,"lower_bound":10.024107071254889,"upper_bound":24.610428017023796},"point_estimate":14.180906295020428,"standard_error":3.936174016365919},"Slope":{"confidence_interval":{"confidence_level":0.95,"lower_bound":62481.1153288319,"upper_bound":62663.76999341973},"point_estimate":62541.76138927885,"standard_error":53.33215867428996},"StdDev":{"confidence_interval":{"confidence_level":0.95,"lower_bound":40.17641140420419,"upper_bound":374.67798623561805},"point_estimate":224.87679740470548,"standard_error":106.01111373908232}}