{"Mean":{"confidence_interval":{"confidence_level":0.95,"lower_bound":39033.87970388073,"upper_bound":39112.05564932117},"point_estimate":39063.26618121208,"standard_error":21.331406928645627},"Median":{"confidence_interval":{"confidence_level":0.95,"lower_bound":39019.92122715493,"upper_bound":39028.04440919905},"point_estimate":39023.14010989011,"standard_error":2.1388981843440034},"MedianAbsDev":{"confidence_interval":{"confidence_level":0.95,"lower_bound":10.784364181013776,"upper_bound":22.143156973743814},"point_estimate":15.432474976856648,"standard_error":2.8183676401414637},"Slope":{"confidence_interval":{"confidence_level":0.95,"lower_bound":39032.6441060245,"upper_bound":39126.366373287645},"point_estimate":39069.24013777268,"standard_error":24.932761508474677},"StdDev":{"confidence_interval":{"confidence_level":0.95,"lower_bound":33.99393327140274,"upper_bound":360.24308247152237},"point_estimate":215.08268723011386,"standard_error":105.08624051432265}}