{"Mean":{"confidence_interval":{"confidence_level":0.95,"lower_bound":36304.87454830223,"upper_bound":36745.79020632852},"point_estimate":36497.455428282294,"standard_error":113.43281061323557},"Median":{"confidence_interval":{"confidence_level":0.95,"lower_bound":36142.73921130953,"upper_bound":36157.717650103514},"point_estimate":36149.55173992674,"standard_error":3.3876533966725066},"MedianAbsDev":{"confidence_interval":{"confidence_level":0.95,"lower_bound":11.013148526065006,"upper_bound":30.45901793408798},"point_estimate":20.005207104512422,"standard_error":4.730928661692158},"Slope":{"confidence_interval":{"confidence_level":0.95,"lower_bound":36175.892557128995,"upper_bound":36362.537957169654},"point_estimate":36244.18361460027,"standard_error":49.64513381838019},"StdDev":{"confidence_interval":{"confidence_level":0.95,"lower_bound":462.97533955458744,"upper_bound":1676.5645007946553},"point_estimate":1139.0854547380986,"standard_error":316.82358054636484}}