{"Mean":{"confidence_interval":{"confidence_level":0.95,"lower_bound":1213512.5110550586,"upper_bound":1218452.2131388048},"point_estimate":1215423.0166694955,"standard_error":1311.7694431947982},"Median":{"confidence_interval":{"confidence_level":0.95,"lower_bound":1212792.434006211,"upper_bound":1213079.205882353},"point_estimate":1212872.5235507246,"standard_error":74.85433813231187},"MedianAbsDev":{"confidence_interval":{"confidence_level":0.95,"lower_bound":222.35440670817405,"upper_bound":573.4480908809624},"point_estimate":333.3278861749411,"standard_error":85.66582267520542},"Slope":{"confidence_interval":{"confidence_level":0.95,"lower_bound":1213128.5698042808,"upper_bound":1216407.5204773059},"point_estimate":1214409.8232481158,"standard_error":868.7032880750166},"StdDev":{"confidence_interval":{"confidence_level":0.95,"lower_bound":2260.700264114044,"upper_bound":21773.120840517448},"point_estimate":13164.998092351656,"standard_error":5948.060092771777}}