{"Mean":{"confidence_interval":{"confidence_level":0.95,"lower_bound":52069.04260146697,"upper_bound":52204.10469974002},"point_estimate":52125.47022382688,"standard_error":35.284958978097485},"Median":{"confidence_interval":{"confidence_level":0.95,"lower_bound":52050.828125,"upper_bound":52061.7906555773},"point_estimate":52053.67399853444,"standard_error":2.5019349731445164},"MedianAbsDev":{"confidence_interval":{"confidence_level":0.95,"lower_bound":6.886520201017967,"upper_bound":20.328970797996902},"point_estimate":11.410062922431043,"standard_error":3.1878254760804534},"Slope":{"confidence_interval":{"confidence_level":0.95,"lower_bound":52065.59410467295,"upper_bound":52308.944984858455},"point_estimate":52160.34000546771,"standard_error":65.71301046337112},"StdDev":{"confidence_interval":{"confidence_level":0.95,"lower_bound":42.163948132391546,"upper_bound":552.7678605288564},"point_estimate":354.38297949191707,"standard_error":132.30560377204304}}