{"Mean":{"confidence_interval":{"confidence_level":0.95,"lower_bound":12238.165732201838,"upper_bound":12254.896356417097},"point_estimate":12244.45511191092,"standard_error":4.6043170750000035},"Median":{"confidence_interval":{"confidence_level":0.95,"lower_bound":12237.511594202899,"upper_bound":12241.312125888515},"point_estimate":12239.259422933033,"standard_error":0.9579690597742251},"MedianAbsDev":{"confidence_interval":{"confidence_level":0.95,"lower_bound":8.468540007167743,"upper_bound":15.391777990207885},"point_estimate":12.340958731927827,"standard_error":1.784530359579672},"Slope":{"confidence_interval":{"confidence_level":0.95,"lower_bound":12237.8622802777,"upper_bound":12279.381664341752},"point_estimate":12252.121822570316,"standard_error":11.893787000198746},"StdDev":{"confidence_interval":{"confidence_level":0.95,"lower_bound":10.958912905152808,"upper_bound":77.5370148985958},"point_estimate":46.18185876105574,"standard_error":23.070447413879002}}