{"Mean":{"confidence_interval":{"confidence_level":0.95,"lower_bound":12276.435763824678,"upper_bound":12395.078111571065},"point_estimate":12326.083388548317,"standard_error":30.79901077918796},"Median":{"confidence_interval":{"confidence_level":0.95,"lower_bound":12251.011564306922,"upper_bound":12258.610150891633},"point_estimate":12255.128678581683,"standard_error":1.9880221265311944},"MedianAbsDev":{"confidence_interval":{"confidence_level":0.95,"lower_bound":10.951785187159642,"upper_bound":20.708894660994225},"point_estimate":14.994021394858086,"standard_error":2.511630220078511},"Slope":{"confidence_interval":{"confidence_level":0.95,"lower_bound":12313.929319749626,"upper_bound":12583.943548400912},"point_estimate":12434.398988628547,"standard_error":69.7714052733517},"StdDev":{"confidence_interval":{"confidence_level":0.95,"lower_bound":77.02263849560813,"upper_bound":490.40904891138297},"point_estimate":309.7320061571077,"standard_error":110.90836373611498}}