{"Mean":{"confidence_interval":{"confidence_level":0.95,"lower_bound":39131.17243963338,"upper_bound":39566.865262137355},"point_estimate":39317.66495750584,"standard_error":112.34042019578429},"Median":{"confidence_interval":{"confidence_level":0.95,"lower_bound":38983.11583710407,"upper_bound":39003.49270833333},"point_estimate":38988.03380566802,"standard_error":5.174925629236698},"MedianAbsDev":{"confidence_interval":{"confidence_level":0.95,"lower_bound":19.243906999970203,"upper_bound":46.024362759402024},"point_estimate":28.030846839950332,"standard_error":7.037561812274775},"Slope":{"confidence_interval":{"confidence_level":0.95,"lower_bound":39010.309027304254,"upper_bound":39210.54010252243},"point_estimate":39083.11036205113,"standard_error":53.58962880164112},"StdDev":{"confidence_interval":{"confidence_level":0.95,"lower_bound":459.31120387012646,"upper_bound":1748.528625526523},"point_estimate":1131.6966130609085,"standard_error":369.0282469691026}}