{"Mean":{"confidence_interval":{"confidence_level":0.95,"lower_bound":30655.501756386966,"upper_bound":30693.228340881327},"point_estimate":30669.482531864465,"standard_error":10.50706361031063},"Median":{"confidence_interval":{"confidence_level":0.95,"lower_bound":30648.618855218854,"upper_bound":30652.250909090908},"point_estimate":30649.98656942328,"standard_error":1.119284270885391},"MedianAbsDev":{"confidence_interval":{"confidence_level":0.95,"lower_bound":5.109441901384471,"upper_bound":9.858753338189771},"point_estimate":6.9354628334551185,"standard_error":1.3277042478977608},"Slope":{"confidence_interval":{"confidence_level":0.95,"lower_bound":30653.492397466434,"upper_bound":30744.279860008755},"point_estimate":30683.768452964698,"standard_error":26.71110061724368},"StdDev":{"confidence_interval":{"confidence_level":0.95,"lower_bound":18.254606524021316,"upper_bound":177.62247858075548},"point_estimate":105.53537690857166,"standard_error":53.937542890934594}}