{"Mean":{"confidence_interval":{"confidence_level":0.95,"lower_bound":147595.88541332041,"upper_bound":147827.5431728636},"point_estimate":147681.59810244935,"standard_error":64.5676617677268},"Median":{"confidence_interval":{"confidence_level":0.95,"lower_bound":147554.43951330532,"upper_bound":147575.35251913266},"point_estimate":147562.9240790656,"standard_error":5.747060008920396},"MedianAbsDev":{"confidence_interval":{"confidence_level":0.95,"lower_bound":31.37953034602393,"upper_bound":66.56360866189108},"point_estimate":45.779735110898464,"standard_error":8.905227778050964},"Slope":{"confidence_interval":{"confidence_level":0.95,"lower_bound":147585.66692232437,"upper_bound":147929.5655168316},"point_estimate":147699.95293841965,"standard_error":99.21109696083687},"StdDev":{"confidence_interval":{"confidence_level":0.95,"lower_bound":107.66767282395263,"upper_bound":1092.4793714626524},"point_estimate":648.7518056968229,"standard_error":331.97279558087314}}