{"Mean":{"confidence_interval":{"confidence_level":0.95,"lower_bound":46858.46012524918,"upper_bound":46920.37188378968},"point_estimate":46881.218640735846,"standard_error":17.085417995444285},"Median":{"confidence_interval":{"confidence_level":0.95,"lower_bound":46849.69214876033,"upper_bound":46855.65151515151},"point_estimate":46852.1785177139,"standard_error":1.724040982456926},"MedianAbsDev":{"confidence_interval":{"confidence_level":0.95,"lower_bound":7.865481678540904,"upper_bound":17.92014234437533},"point_estimate":13.733529940838235,"standard_error":2.447226813393089},"Slope":{"confidence_interval":{"confidence_level":0.95,"lower_bound":46861.20604574041,"upper_bound":46987.75247232255},"point_estimate":46903.0694721711,"standard_error":37.005425399242554},"StdDev":{"confidence_interval":{"confidence_level":0.95,"lower_bound":20.95729900451329,"upper_bound":288.350508604746},"point_estimate":171.2426094533144,"standard_error":86.58804438226672}}