{"Mean":{"confidence_interval":{"confidence_level":0.95,"lower_bound":2701.241851868525,"upper_bound":2744.2154775432455},"point_estimate":2717.61941270879,"standard_error":11.491671908501688},"Median":{"confidence_interval":{"confidence_level":0.95,"lower_bound":2692.450205479452,"upper_bound":2694.606270928463},"point_estimate":2693.662648679936,"standard_error":0.5775355745133883},"MedianAbsDev":{"confidence_interval":{"confidence_level":0.95,"lower_bound":4.090791351668389,"upper_bound":8.132584124414553},"point_estimate":6.025271008200365,"standard_error":1.0550465815299763},"Slope":{"confidence_interval":{"confidence_level":0.95,"lower_bound":2701.511231998484,"upper_bound":2735.478648302769},"point_estimate":2715.2226761945058,"standard_error":8.861707899321196},"StdDev":{"confidence_interval":{"confidence_level":0.95,"lower_bound":21.60595592098014,"upper_bound":190.3908417886953},"point_estimate":114.75025799378035,"standard_error":52.885372362972184}}