{"Mean":{"confidence_interval":{"confidence_level":0.95,"lower_bound":24881.923188127854,"upper_bound":24919.871711550608},"point_estimate":24896.737906273436,"standard_error":10.03776539054556},"Median":{"confidence_interval":{"confidence_level":0.95,"lower_bound":24876.699468537416,"upper_bound":24881.41153846154},"point_estimate":24878.97628968254,"standard_error":1.1751320530494227},"MedianAbsDev":{"confidence_interval":{"confidence_level":0.95,"lower_bound":6.580102814353626,"upper_bound":11.421727644922768},"point_estimate":8.853597958761497,"standard_error":1.1835332844446624},"Slope":{"confidence_interval":{"confidence_level":0.95,"lower_bound":24878.488758745927,"upper_bound":24956.508809033123},"point_estimate":24904.04878180878,"standard_error":22.839286286301384},"StdDev":{"confidence_interval":{"confidence_level":0.95,"lower_bound":17.69047013329695,"upper_bound":166.21816083450324},"point_estimate":100.86824377320293,"standard_error":44.30386086431218}}