{"Mean":{"confidence_interval":{"confidence_level":0.95,"lower_bound":36142.13118191716,"upper_bound":36202.81209160583},"point_estimate":36163.83946341374,"standard_error":17.815992705928547},"Median":{"confidence_interval":{"confidence_level":0.95,"lower_bound":36134.52780075188,"upper_bound":36138.772590995155},"point_estimate":36135.86336580086,"standard_error":1.1515174264171364},"MedianAbsDev":{"confidence_interval":{"confidence_level":0.95,"lower_bound":5.04116076825519,"upper_bound":11.636339145443356},"point_estimate":7.673563305033165,"standard_error":1.7993695041392117},"Slope":{"confidence_interval":{"confidence_level":0.95,"lower_bound":36142.70466186485,"upper_bound":36227.19155135376},"point_estimate":36170.12980155798,"standard_error":24.53883719381596},"StdDev":{"confidence_interval":{"confidence_level":0.95,"lower_bound":17.56516848440007,"upper_bound":305.7987041341127},"point_estimate":179.63419539595668,"standard_error":99.87474920228442}}