{"Mean":{"confidence_interval":{"confidence_level":0.95,"lower_bound":840299.6573785947,"upper_bound":842319.6988997385},"point_estimate":841045.2340922665,"standard_error":556.8300140076191},"Median":{"confidence_interval":{"confidence_level":0.95,"lower_bound":840145.8714285714,"upper_bound":840275.1985294118},"point_estimate":840205.7426470588,"standard_error":29.903294321206786},"MedianAbsDev":{"confidence_interval":{"confidence_level":0.95,"lower_bound":145.45654481844738,"upper_bound":297.7283614826838},"point_estimate":220.1232240030335,"standard_error":39.407434420191635},"Slope":{"confidence_interval":{"confidence_level":0.95,"lower_bound":840295.1949685818,"upper_bound":841896.7326650295},"point_estimate":840888.1428210433,"standard_error":437.35378395861477},"StdDev":{"confidence_interval":{"confidence_level":0.95,"lower_bound":352.53632833082054,"upper_bound":9366.604259982169},"point_estimate":5583.1892135291155,"standard_error":2792.7747324711886}}