{"Mean":{"confidence_interval":{"confidence_level":0.95,"lower_bound":838545.0943617754,"upper_bound":839402.6147187923},"point_estimate":838870.7812031773,"standard_error":230.97278667001382},"Median":{"confidence_interval":{"confidence_level":0.95,"lower_bound":838371.796875,"upper_bound":838510.5153846154},"point_estimate":838426.8179012346,"standard_error":33.04552699191156},"MedianAbsDev":{"confidence_interval":{"confidence_level":0.95,"lower_bound":147.57945287646967,"upper_bound":308.4207152566386},"point_estimate":203.9481220341514,"standard_error":35.72882979682559},"Slope":{"confidence_interval":{"confidence_level":0.95,"lower_bound":838505.5877708861,"upper_bound":839740.7235608323},"point_estimate":838912.522484114,"standard_error":355.7827855015582},"StdDev":{"confidence_interval":{"confidence_level":0.95,"lower_bound":380.8922303261694,"upper_bound":3864.8962130323066},"point_estimate":2321.0244188354773,"standard_error":1090.0182911289132}}