{"Mean":{"confidence_interval":{"confidence_level":0.95,"lower_bound":426198.3361058436,"upper_bound":427144.67764769954},"point_estimate":426533.7255872481,"standard_error":281.8440770404139},"Median":{"confidence_interval":{"confidence_level":0.95,"lower_bound":426086.12210177653,"upper_bound":426185.6126855601},"point_estimate":426135.3932285558,"standard_error":24.604337032596145},"MedianAbsDev":{"confidence_interval":{"confidence_level":0.95,"lower_bound":93.19545235435916,"upper_bound":196.65124598210315},"point_estimate":152.01268354365294,"standard_error":26.377573267069202},"Slope":{"confidence_interval":{"confidence_level":0.95,"lower_bound":426169.00257537933,"upper_bound":426643.9165091945},"point_estimate":426330.03132555046,"standard_error":132.43910029151257},"StdDev":{"confidence_interval":{"confidence_level":0.95,"lower_bound":243.0020017990631,"upper_bound":4858.591840667638},"point_estimate":2848.437399475219,"standard_error":1611.2870916751726}}