{"Mean":{"confidence_interval":{"confidence_level":0.95,"lower_bound":348776.3039777784,"upper_bound":348972.2691064467},"point_estimate":348865.0886960517,"standard_error":50.27753421905194},"Median":{"confidence_interval":{"confidence_level":0.95,"lower_bound":348655.9659090909,"upper_bound":348748.9894736842},"point_estimate":348701.2259408602,"standard_error":21.349071038120258},"MedianAbsDev":{"confidence_interval":{"confidence_level":0.95,"lower_bound":90.0265799747501,"upper_bound":201.61086500994986},"point_estimate":148.7986580186602,"standard_error":25.708891982815665},"Slope":{"confidence_interval":{"confidence_level":0.95,"lower_bound":348699.61824653647,"upper_bound":348776.3004021673},"point_estimate":348735.4665070686,"standard_error":19.606943511992196},"StdDev":{"confidence_interval":{"confidence_level":0.95,"lower_bound":285.2733495593265,"upper_bound":714.9896535471746},"point_estimate":505.21397866291613,"standard_error":114.22837261293695}}