{"Mean":{"confidence_interval":{"confidence_level":0.95,"lower_bound":388582.1702573381,"upper_bound":390544.6402308982},"point_estimate":389285.9735621258,"standard_error":555.9624927405393},"Median":{"confidence_interval":{"confidence_level":0.95,"lower_bound":388428.2807017544,"upper_bound":388531.8476190476},"point_estimate":388498.01610644255,"standard_error":24.100573490284102},"MedianAbsDev":{"confidence_interval":{"confidence_level":0.95,"lower_bound":111.16333194149439,"upper_bound":207.96708006852418},"point_estimate":167.67202322065882,"standard_error":24.08079543056942},"Slope":{"confidence_interval":{"confidence_level":0.95,"lower_bound":388511.772115155,"upper_bound":389603.1278651382},"point_estimate":388899.7909068519,"standard_error":303.7545869059801},"StdDev":{"confidence_interval":{"confidence_level":0.95,"lower_bound":405.6993428130467,"upper_bound":9465.61560595869},"point_estimate":5582.044901471668,"standard_error":2988.3298892802077}}