{"Mean":{"confidence_interval":{"confidence_level":0.95,"lower_bound":30660.61580662437,"upper_bound":30718.208149504095},"point_estimate":30684.426723465993,"standard_error":15.308617473237586},"Median":{"confidence_interval":{"confidence_level":0.95,"lower_bound":30648.081818181818,"upper_bound":30656.032557720057},"point_estimate":30650.47436486073,"standard_error":2.143666725596273},"MedianAbsDev":{"confidence_interval":{"confidence_level":0.95,"lower_bound":5.836929049528773,"upper_bound":16.3794391471912},"point_estimate":9.358396124029948,"standard_error":2.793560934657289},"Slope":{"confidence_interval":{"confidence_level":0.95,"lower_bound":30667.43987081485,"upper_bound":30797.233512893257},"point_estimate":30721.111195865855,"standard_error":34.4057972720133},"StdDev":{"confidence_interval":{"confidence_level":0.95,"lower_bound":23.016420280977826,"upper_bound":238.76785496604032},"point_estimate":153.8677839627591,"standard_error":59.072430120355726}}