{"Mean":{"confidence_interval":{"confidence_level":0.95,"lower_bound":269937.80193364894,"upper_bound":271294.732969591},"point_estimate":270421.8714448931,"standard_error":390.80931072903445},"Median":{"confidence_interval":{"confidence_level":0.95,"lower_bound":269874.16179757344,"upper_bound":269923.5208333333},"point_estimate":269900.77722262597,"standard_error":12.144676099669393},"MedianAbsDev":{"confidence_interval":{"confidence_level":0.95,"lower_bound":58.64077013154693,"upper_bound":109.02584021830155},"point_estimate":82.03307199961749,"standard_error":12.379554534481413},"Slope":{"confidence_interval":{"confidence_level":0.95,"lower_bound":269943.39162254013,"upper_bound":271064.37658382015},"point_estimate":270389.73393305746,"standard_error":301.0654657170932},"StdDev":{"confidence_interval":{"confidence_level":0.95,"lower_bound":164.52601479882787,"upper_bound":6661.886741742604},"point_estimate":3923.757743711384,"standard_error":2135.844865458911}}