{"Mean":{"confidence_interval":{"confidence_level":0.95,"lower_bound":229177.64702396293,"upper_bound":230559.18271679705},"point_estimate":229684.7029805754,"standard_error":383.43107479799403},"Median":{"confidence_interval":{"confidence_level":0.95,"lower_bound":229083.25606060607,"upper_bound":229140.18306763284},"point_estimate":229110.3840909091,"standard_error":16.714388795219328},"MedianAbsDev":{"confidence_interval":{"confidence_level":0.95,"lower_bound":81.40677877128279,"upper_bound":150.48118194379884},"point_estimate":118.07436522083955,"standard_error":18.794499282375558},"Slope":{"confidence_interval":{"confidence_level":0.95,"lower_bound":229196.64166397136,"upper_bound":232853.27623726576},"point_estimate":230491.6594360869,"standard_error":1037.8802131990346},"StdDev":{"confidence_interval":{"confidence_level":0.95,"lower_bound":292.195625990708,"upper_bound":6493.036118783128},"point_estimate":3851.002024158331,"standard_error":1973.2957493762779}}