{"Mean":{"confidence_interval":{"confidence_level":0.95,"lower_bound":57210.28373674092,"upper_bound":57337.949648129346},"point_estimate":57255.17263177752,"standard_error":38.74719927662378},"Median":{"confidence_interval":{"confidence_level":0.95,"lower_bound":57198.34715608465,"upper_bound":57204.5609022322},"point_estimate":57200.97709551657,"standard_error":1.735745663580615},"MedianAbsDev":{"confidence_interval":{"confidence_level":0.95,"lower_bound":8.545583701105755,"upper_bound":18.451780339069234},"point_estimate":11.620298178313577,"standard_error":2.514555205442415},"Slope":{"confidence_interval":{"confidence_level":0.95,"lower_bound":57209.09050411375,"upper_bound":57298.45399764468},"point_estimate":57240.07258016847,"standard_error":24.91453321714016},"StdDev":{"confidence_interval":{"confidence_level":0.95,"lower_bound":30.56669554347849,"upper_bound":662.2569009551421},"point_estimate":387.7282484201525,"standard_error":223.5365250865093}}