{"Mean":{"confidence_interval":{"confidence_level":0.95,"lower_bound":-0.01694861624084875,"upper_bound":-0.005705708017563786},"point_estimate":-0.010867492115343436,"standard_error":0.0028683545476653515},"Median":{"confidence_interval":{"confidence_level":0.95,"lower_bound":-0.00407883794515973,"upper_bound":-0.0037356284000154005},"point_estimate":-0.0038936714176137643,"standard_error":0.00008208591445754152}}