{"Mean":{"confidence_interval":{"confidence_level":0.95,"lower_bound":112281.71182866092,"upper_bound":112452.64076152419},"point_estimate":112344.60185549708,"standard_error":47.803687527187876},"Median":{"confidence_interval":{"confidence_level":0.95,"lower_bound":112248.92857142857,"upper_bound":112263.25925925926},"point_estimate":112253.84451757216,"standard_error":3.4636011119754535},"MedianAbsDev":{"confidence_interval":{"confidence_level":0.95,"lower_bound":13.748601500937895,"upper_bound":35.577725729274555},"point_estimate":20.68609079179262,"standard_error":5.3883860288904115},"Slope":{"confidence_interval":{"confidence_level":0.95,"lower_bound":112276.74138305425,"upper_bound":112554.00640576822},"point_estimate":112368.85564816183,"standard_error":79.85794434599362},"StdDev":{"confidence_interval":{"confidence_level":0.95,"lower_bound":75.5804616680542,"upper_bound":806.7208053304067},"point_estimate":478.54833703656806,"standard_error":246.23186696420825}}