{"Mean":{"confidence_interval":{"confidence_level":0.95,"lower_bound":-0.00569029758509978,"upper_bound":-0.0023521886477794805},"point_estimate":-0.0038343999530172646,"standard_error":0.0008354329763799653},"Median":{"confidence_interval":{"confidence_level":0.95,"lower_bound":-0.0037908074562783556,"upper_bound":-0.0035925827692421253},"point_estimate":-0.0036855599557000795,"standard_error":0.00004953397914997837}}